session_id,balance
cleoaq1aeuui4hf7fv5790h6fc,27
cleoaq1aeuui4hf7fv5790h6fc,
cleoaq1aeuui4hf7fv5790h6fc,-1
o9ikver1l436fjfm0pav1m1rn8,-2
o9ikver1l436fjfm0pav1m1rn8,
o9ikver1l436fjfm0pav1m1rn8,-1
o9ikver1l436fjfm0pav1m1rn8,-1
o9ikver1l436fjfm0pav1m1rn8,-7
o9ikver1l436fjfm0pav1m1rn8,-1
o9ikver1l436fjfm0pav1m1rn8,
o9ikver1l436fjfm0pav1m1rn8,
o9ikver1l436fjfm0pav1m1rn8,-29
o9ikver1l436fjfm0pav1m1rn8,10
o9ikver1l436fjfm0pav1m1rn8,10
rbb3flna77c6gmaqas7np3an6l,10
rbb3flna77c6gmaqas7np3an6l,10
rbb3flna77c6gmaqas7np3an6l,-70
rbb3flna77c6gmaqas7np3an6l,75
bhafmkb24e4jc3i027v163ecvb,-13
bhafmkb24e4jc3i027v163ecvb,-8
objk0p01m5d6eqfem5ahac0ltn,-3
8ftepkg9nnrkto05l4d8orkrt1,-9
odvpc6rpgo8ban8t9rca6rnb48,-2
ik9fo1vl0u8f1nrhql8d0703fu,-2
mrl9j1ngbskcnu1a8ft6roenis,-3
busgq2i9k2pmrtk19k3l0dupbj,71
vi0nn2m16g27ddfss7gbab3s6h,-2
iqd7tolcd9c1vsh1av7ahs62i5,-1
604rl1ajd19qp5tdveu377ag2c,27
akjjndpqnc2o5n5fc4csfqo3re,10
mue18dqbc91u8iprci176ue6ui,11
ktp16n2qm03ntjtovmt7k9kfe5,35
ppb7c1pmk75g29i3iou0kbg0s6,2
bj451pvplvv0g6cd8l9b8d1qhb,-19
6l7j6e0d9b2ndna5viqmobkiej,7
fj4mgvgm5hamp8cuug7nkp53n6,7
t2igs37o7vcma844j20epqg1p8,7
uvq0poqri95md79nai171kl3jf,9
suge13att63ir7it5jiigg29hk,54
fscbvcb8vm1raae7ti0tn75dou,41
3bdhrr5q0gp69ulrk186gd4ni1,47
ukithdmc9sbdldalirdd7p5om0,8
b17hoas6c5f6ppdvdcncljgfgd,
7g8ee26a8qeh90spth7alav53t,
9d95783sblirkc2jg8jj76k6hk,
lcr31el1mfd63v40ifhel5b10u,
uoma56vcbddjbmvl02hfli12j0,10
9upd0r5gvr9e0igvibdveocsiq,144
08qo45e10fmkpqqdhgur3gaq9r,28
adil6c138ns1cccdavjl6a05js,68
n6f0n2jtrern9q0mdb3ih4f458,27
oec4nm6mhtb8mk2afjndvqvvdi,10
og18m5cnc0emrnouh3srppaffu,-24
3c54fuejqh2gtcppill5f11ttk,49
